entity_id,type,debit,credit,amount,currency,fee,tax,on_hold,settled,created_at,settled_at,settlement_id,settlement_utr,order_id,order_receipt,method,notes,payment_id,dispute_id,description,email,contact
pay_jEveHwusAVE3qv,payment,0,193737,198300,INR,4563,696,false,true,1785727745,1785908220,setl_QvoczAS2Bejfed,YESBR2026080582882063,order_qkqfeNdSqiY3Uv,INV/2026-27/00251,wallet,"{""note"": ""part payment 1 of 2""}",,,,riyaghosh26@example.in,9276544446
pay_a8mRVtLLCWPgEu,payment,0,799900,799900,INR,0,0,false,true,1785743184,1785908220,setl_QvoczAS2Bejfed,YESBR2026080582882063,order_hxEykCpZj6R5aD,INV/2026-27/00140,upi,,,,,karthikmenon91@example.in,9265020146
pay_mtsTpTLeAanJen,payment,0,799900,799900,INR,0,0,false,true,1785743983,1785908220,setl_QvoczAS2Bejfed,YESBR2026080582882063,order_hxEykCpZj6R5aD,INV/2026-27/00140,upi,,,,,karthikmenon91@example.in,9265020146
pay_tcfdkhcbuTSOkh,payment,0,249900,249900,INR,0,0,false,true,1785750006,1785908220,setl_QvoczAS2Bejfed,YESBR2026080582882063,order_lmMwR8mxh2BuzA,,upi,"{""note"": ""Mohd Irfan""}",,,,rohan.3434@example.net,9630766129
pay_CqTiqYt2wbuygk,payment,0,590785,604700,INR,13915,2123,false,true,1785750041,1785908220,setl_QvoczAS2Bejfed,YESBR2026080582882063,order_P7EWN1WWWurZpa,INV/2026-27/00234,wallet,,,,,siddharthban92@example.in,9424861114
pay_Vz89HoZ9zDnki7,payment,0,737700,737700,INR,0,0,false,true,1785767691,1785908220,setl_QvoczAS2Bejfed,YESBR2026080582882063,order_ZOmEPJUo09jwQO,INV/2026-27/00124,upi,,,,,salmansingh57@example.in,9493066683
pay_3KFLKnq7XrBg8C,payment,0,34036,34900,INR,864,183,false,true,1785769672,1785908220,setl_QvoczAS2Bejfed,YESBR2026080582882063,order_M9iq1cvmlyfbdc,INV/2026-27/00138,wallet,,,,,ishaanbose35@example.in,9478878384
pay_VwRgJV3WGQyi7W,payment,0,131698,134800,INR,3102,473,false,true,1785775602,1785908220,setl_QvoczAS2Bejfed,YESBR2026080582882063,order_AeGNvCr9sxtQTO,INV/2026-27/00215,card,,,,,ishaanjoshi81@example.in,9372616751
pay_fjzSgT9Vdcs6XQ,payment,0,344500,344500,INR,0,0,false,true,1785819786,1785997080,setl_mq6OgyGRFqmgQ7,YESBR2026080676519627,order_Seuk0IM1AkplyW,,upi,"{""note"": ""for invoices 254 & 255""}",,,,jayapereira42@example.in,9273167232
pay_CSXqLoivDP4SpG,payment,0,299700,299700,INR,0,0,false,true,1785822439,1785997080,setl_mq6OgyGRFqmgQ7,YESBR2026080676519627,order_WT01NjUjpUuMHw,00119,upi,,,,,ishaanbose35@example.in,9478878384
pay_FjmM7JZdWj1SBy,payment,0,141500,141500,INR,0,0,false,true,1785827701,1785997080,setl_mq6OgyGRFqmgQ7,YESBR2026080676519627,order_otZeZEgeLjmYTC,INV/2026-27/00251,upi,"{""note"": ""part 2 of 2""}",,,,riyaghosh26@example.in,9276544446
pay_sar27i79wxIUli,payment,0,62800,62800,INR,0,0,false,true,1785831647,1785997080,setl_mq6OgyGRFqmgQ7,YESBR2026080676519627,order_qxxkHQh3p6YksW,INV/2026-27/00239,upi,,,,,ganeshsen26@example.in,9057986828
pay_yX9x9Slrt58EmN,payment,0,79900,79900,INR,0,0,false,true,1785832168,1785997080,setl_mq6OgyGRFqmgQ7,YESBR2026080676519627,order_zgRqxzuyY9Erhn,,upi,"{""note"": ""home order""}",,,,aakashverma46@example.in,9026859952
pay_996G5rfDLI7jCh,payment,0,199900,199900,INR,0,0,false,true,1785839936,1785997080,setl_mq6OgyGRFqmgQ7,YESBR2026080676519627,order_s6AKsrpVfVIs1D,inv_00150,upi,,,,,kabirsaxena94@example.in,9786843353
pay_loMl53mLUUhVDT,payment,0,117800,117800,INR,0,0,false,true,1785845713,1785997080,setl_mq6OgyGRFqmgQ7,YESBR2026080676519627,order_r11B7GdF8aC3f3,,upi,"{""note"": ""Paid for Ammi's order - Fatima Sheikh""}",,,,ravi.8672@example.net,9010523843
pay_5ykYYqhXHdO2x9,payment,0,390698,399900,INR,9202,1404,false,true,1785859115,1785997080,setl_mq6OgyGRFqmgQ7,YESBR2026080676519627,order_HLS45gqIO2zVZx,00108,card,,,,,kavithatiwar68@example.in,9224704558
pay_W6T8ygpnnhcc82,payment,0,399040,407700,INR,8660,1321,false,true,1785864108,1785997080,setl_mq6OgyGRFqmgQ7,YESBR2026080676519627,order_Of0WOOsEgigYWP,,netbanking,,,,,johnshetty33@example.in,9426462889
pay_DOWiCrGdCLJMZc,payment,0,49900,49900,INR,0,0,false,true,1785899092,1786081800,setl_KZCse7L05EijeE,YESBR2026080768697435,order_DhEosO7v9vHKon,,upi,"{""note"": ""pymt agnst invc no. 223""}",,,,kabirrao12@example.in,9883873716
pay_eJ6xZGWtmeTtfo,payment,0,117354,119900,INR,2546,388,false,true,1785911932,1786081800,setl_KZCse7L05EijeE,YESBR2026080768697435,order_Tzswz26DXO4O33,INV/2026-27/00163,netbanking,,,,,ishaanmishra95@example.in,9361341252
pay_jPZ6zfKN7xVGkj,payment,0,999800,999800,INR,0,0,false,true,1785916090,1786081800,setl_KZCse7L05EijeE,YESBR2026080768697435,order_Hk7egyFWZY9Zmt,INV/2026-27/00103,upi,,,,,adityapillai28@example.in,9154728038
pay_rEHmELGjGkoewS,payment,0,524800,524800,INR,0,0,false,true,1785918865,1786081800,setl_KZCse7L05EijeE,YESBR2026080768697435,order_gwUBvwTS1zPjD3,,upi,"{""note"": ""Rahul D. - cushion covers""}",,,,ajay.6173@example.net,9184267797
pay_qhol94mJVho31q,payment,0,1057600,1057600,INR,0,0,false,true,1785933372,1786081800,setl_KZCse7L05EijeE,YESBR2026080768697435,order_HQqTFoJDoIKShV,INV/2026-27/00174,upi,,,,,aakashpandey20@example.in,9223307924
pay_nmflZSsxKKwzXH,payment,0,374700,374700,INR,0,0,false,true,1785944355,1786081800,setl_KZCse7L05EijeE,YESBR2026080768697435,order_c7Fx3gxODYfjuM,INV/2026-27/00137,upi,,,,,vivaanpai63@example.in,9183654610
pay_X7DOcZ44cc3PNr,payment,0,131698,134800,INR,3102,473,false,true,1785950019,1786081800,setl_KZCse7L05EijeE,YESBR2026080768697435,order_rOIZ7cNgqhHaBp,INV/2026-27/00149,wallet,,,,,varunmishra86@example.in,9260026751
pay_kxkQ8fva1P31Et,payment,0,781299,799700,INR,18401,2807,false,true,1785991566,1786168260,setl_iQRbSlLUcYTYZe,YESBR2026080825151338,order_g4phjFrIIhuDpk,INV/2026-27/00207,card,,,,,nehafernande18@example.in,9881817414
pay_COugnrQYxehTEE,payment,0,854700,854700,INR,0,0,false,true,1785998492,1786168260,setl_iQRbSlLUcYTYZe,YESBR2026080825151338,order_aOPZG5bPERVcIP,,upi,"{""note"": ""payment against bill 0242""}",,,,imranchandra29@example.in,9880729022
pay_0iYtJTq3tlAcub,payment,0,44800,44800,INR,0,0,false,true,1786007201,1786168260,setl_iQRbSlLUcYTYZe,YESBR2026080825151338,order_L76dFKHc0hXZAK,inv_00131,upi,,,,,nikhilsubram76@example.in,9477718341
pay_FMKvXmafechRSX,payment,0,159900,159900,INR,0,0,false,true,1786016613,1786168260,setl_iQRbSlLUcYTYZe,YESBR2026080825151338,order_yDA7NKPn6WUWYf,INV/2026-27/00233,upi,,,,,sharmatrader90@example.in,9636060710
pay_wCEpvVxlhY1tZe,payment,0,99900,99900,INR,0,0,false,true,1786025129,1786168260,setl_iQRbSlLUcYTYZe,YESBR2026080825151338,order_gVJhYkMzDcccGL,inv_00206,upi,,,,,abhishekgupt98@example.in,9890786666
pay_U7oe1wNWqku5Nr,payment,0,879193,899900,INR,20707,3159,false,true,1786036949,1786168260,setl_iQRbSlLUcYTYZe,YESBR2026080825151338,order_jqG96EnLqNGpux,,card,,,,,johntrivedi91@example.in,9141931417
pay_kRQjMD1Xz1nhSs,payment,0,371061,379800,INR,8739,1333,false,true,1786071211,1786340280,setl_ZupdoL8UrwkS1x,YESBR2026081064579453,order_ncd5rtmhStC9hk,INV/2026-27/00168,card,,,,,divyakurian71@example.in,9511637265
pay_rK1svZkqFguD5E,payment,0,164800,164800,INR,0,0,false,true,1786073972,1786340280,setl_ZupdoL8UrwkS1x,YESBR2026081064579453,order_dO5YQ7nJE1shqW,INV/2026-27/00142,upi,,,,,kabirbanerje24@example.in,9240234483
pay_bQTSDp2zw5Ogls,payment,0,34159,34900,INR,741,113,false,true,1786074478,1786340280,setl_ZupdoL8UrwkS1x,YESBR2026081064579453,order_MUoTRczcMkBmWt,00164,netbanking,,,,,simranshetty48@example.in,9745378383
pay_QozcuyjPsoPISf,payment,0,222558,227800,INR,5242,800,false,true,1786082349,1786340280,setl_ZupdoL8UrwkS1x,YESBR2026081064579453,order_UlBvRzhc1whQ7n,,wallet,"{""note"": ""payment against bill 0204""}",,,,revathireddy47@example.in,9451669156
pay_TNS05kOY2oNzN2,payment,0,272700,272700,INR,0,0,false,true,1786083810,1786340280,setl_ZupdoL8UrwkS1x,YESBR2026081064579453,order_lKncz8HkywhjpU,,upi,"{""note"": ""thanks""}",,,,aditikurian56@example.in,9711777741
pay_q7BQRKw7ah1WXP,payment,0,329832,337600,INR,7768,1185,false,true,1786087622,1786340280,setl_ZupdoL8UrwkS1x,YESBR2026081064579453,order_42LMSdpRhcYunX,,card,"{""note"": ""order #165 - thanks""}",,,,urbanneststu43@example.in,9544091031
pay_HL9iSc6J5Xg3mX,payment,0,212691,217700,INR,5009,764,false,true,1786093836,1786340280,setl_ZupdoL8UrwkS1x,YESBR2026081064579453,order_OgxYsYYp3Y8jRe,,card,"{""note"": ""thanks""}",,,,vivaansaxena70@example.in,9358735570
rfnd_7Wap50wpXf1ELy,refund,119900,0,119900,INR,0,0,false,true,1786097882,1786168260,setl_iQRbSlLUcYTYZe,YESBR2026080825151338,,,,"{""credit_note"": ""CN/2026-27/00015""}",pay_eJ6xZGWtmeTtfo,,,,
pay_a01YfDXcn4KI6e,payment,0,64900,64900,INR,0,0,false,true,1786117821,1786340280,setl_ZupdoL8UrwkS1x,YESBR2026081064579453,order_NJ4DFXO5napn5w,inv-228,upi,,,,,naveenchauha12@example.in,9931002516
pay_LltLwDwXSBU37e,payment,0,585901,599700,INR,13799,2105,false,true,1786118480,1786340280,setl_ZupdoL8UrwkS1x,YESBR2026081064579453,order_5lr5qIbWkOrpTb,,wallet,"{""note"": ""home order""}",,,,bhavnarathor70@example.in,9439575513
pay_i2gHKqGynwqQb8,payment,0,934521,954800,INR,20279,3093,false,true,1786120965,1786340280,setl_ZupdoL8UrwkS1x,YESBR2026081064579453,order_r80HBXUUykZ51B,,netbanking,"{""note"": ""order #227 - thanks""}",,,,kabirrao12@example.in,9883873716
pay_pNxHvZyqbJmaKq,payment,0,29900,29900,INR,0,0,false,true,1786158431,1786340280,setl_ZupdoL8UrwkS1x,YESBR2026081064579453,order_tTIr6uqpq1CfHO,INV/2026-27/00196,upi,,,,,ishageorge67@example.in,9801759898
pay_Yog2nZwQvrNa2m,payment,0,1009700,1009700,INR,0,0,false,true,1786163225,1786340280,setl_ZupdoL8UrwkS1x,YESBR2026081064579453,order_kYQQLtQqlcjEg1,,upi,"{""invoice_no"": ""INV/2026-27/00238""}",,,,kabirbanerje24@example.in,9240234483
pay_k9QgmyjjYtUtBr,payment,0,97601,99900,INR,2299,351,false,true,1786167400,1786340280,setl_ZupdoL8UrwkS1x,YESBR2026081064579453,order_6grn4yDcaz2YBS,,wallet,"{""note"": ""home order""}",,,,simrandutta77@example.in,9936439008
pay_5cLpmYOSaciGMo,payment,0,885484,904700,INR,19216,2931,false,true,1786190264,1786340280,setl_ZupdoL8UrwkS1x,YESBR2026081064579453,order_gUbd5ue4hh9FiH,INV190,netbanking,,,,,meerarathore21@example.in,9269060443
pay_jUGRkjZwXinm7o,payment,0,444335,454800,INR,10465,1596,false,true,1786193505,1786340280,setl_ZupdoL8UrwkS1x,YESBR2026081064579453,order_eaY4EcFHXv6eWM,INV/2026-27/00210,card,,,,,sanyatrivedi99@example.in,9718002390
pay_nO6w5ZyDnuY5bg,payment,0,273955,279900,INR,5945,907,false,true,1786194960,1786340280,setl_ZupdoL8UrwkS1x,YESBR2026081064579453,order_eZP6zR3wdoKyA6,INV/2026-27/00187,netbanking,,,,,rameshsen50@example.in,9150556130
pay_f4MUFWrlniNQTO,payment,0,119900,119900,INR,0,0,false,true,1786200157,1786340280,setl_ZupdoL8UrwkS1x,YESBR2026081064579453,order_tmaeSUHA1U6dHZ,INV/2026-27/00144,upi,,,,,naveenchauha12@example.in,9931002516
pay_dAoQ1qT5CRBj3d,payment,0,869700,869700,INR,0,0,false,true,1786209248,1786340280,setl_ZupdoL8UrwkS1x,YESBR2026081064579453,order_ck1CsWo3LZuTJU,INV/2026-27/00203,upi,,,,,aakashpandey20@example.in,9223307924
pay_lB2Ohdi34e0MFl,payment,0,1104700,1104700,INR,0,0,false,true,1786246186,1786428780,setl_T0rkCClaifIUB3,YESBR2026081141567854,order_JVZkFoRURVsZnI,INV/2026-27/00202,upi,,,,,divyakurian71@example.in,9511637265
pay_4XLcm5aMIAUJrb,payment,0,146716,149900,INR,3184,486,false,true,1786249260,1786428780,setl_T0rkCClaifIUB3,YESBR2026081141567854,order_1lfSpalolq5TYp,,netbanking,"{""note"": ""order #250 - thanks""}",,,,riyasen36@example.in,9878375762
pay_5kd1UsjObCZGvG,payment,0,279800,279800,INR,0,0,false,true,1786251480,1786428780,setl_T0rkCClaifIUB3,YESBR2026081141567854,order_Y18HslxBc6AnrK,INV/2026-27/00143,upi,,,,,kabirrao12@example.in,9883873716
pay_eQdGTA4veCaQ90,payment,0,377600,377600,INR,0,0,false,true,1786253266,1786428780,setl_T0rkCClaifIUB3,YESBR2026081141567854,order_kysaCZKRwKmEfI,,upi,"{""note"": ""order #172 - thanks""}",,,,sanjaynaidu77@example.in,9314366764
pay_Dhfo2eK0agFf2W,payment,0,227700,227700,INR,0,0,false,true,1786255589,1786428780,setl_T0rkCClaifIUB3,YESBR2026081141567854,order_d0RmTvE3dJSVA1,INV/2026-27/00199,upi,,,,,adityapillai28@example.in,9154728038
pay_7sdTWx6uX9MGE2,payment,0,254800,254800,INR,0,0,false,true,1786259387,1786428780,setl_T0rkCClaifIUB3,YESBR2026081141567854,order_bYAbBHXgwETdIK,INV/2026-27/00116,upi,,,,,vikramdutta20@example.in,9253287046
pay_iXC9g77y1bOeCv,payment,0,117354,119900,INR,2546,388,false,true,1786263734,1786428780,setl_T0rkCClaifIUB3,YESBR2026081141567854,order_EhOxjvoVdlTCJ4,,netbanking,"{""note"": ""thanks""}",,,,kabirpillai47@example.in,9782450400
pay_teeUeIaexejJhU,payment,0,73176,74900,INR,1724,263,false,true,1786270292,1786428780,setl_T0rkCClaifIUB3,YESBR2026081141567854,order_S4r6XCl5gqtzAS,INV/2026-27/00237,card,,,,,aditiagarwal53@example.in,9901092815
pay_L3JjQMKvoVNq0T,payment,0,334800,334800,INR,0,0,false,true,1786270682,1786428780,setl_T0rkCClaifIUB3,YESBR2026081141567854,order_XPtPXJTDJrxHH8,INV/2026-27/00185,upi,,,,,aakashpandey20@example.in,9223307924
pay_2OXtPAtLpByQxC,payment,0,259800,259800,INR,0,0,false,true,1786273091,1786428780,setl_T0rkCClaifIUB3,YESBR2026081141567854,order_baNFDpCWNX0D1l,INV/2026-27/00105,upi,,,,,aditikurian56@example.in,9711777741
pay_gmpUd9iMdfeZ04,payment,0,707700,707700,INR,0,0,false,true,1786276306,1786428780,setl_T0rkCClaifIUB3,YESBR2026081141567854,order_iamrIP4aOu7bnu,INV/2026-27/00183,upi,,,,,karthikmenon91@example.in,9265020146
pay_WWdawFgFSY0l9F,payment,0,264700,264700,INR,0,0,false,true,1786276373,1786428780,setl_T0rkCClaifIUB3,YESBR2026081141567854,order_GqK8ks0n8SoFkh,INV/2026-27/00117,upi,,,,,sharmatrader90@example.in,9636060710
pay_EGbOY1xHvAV8Dn,payment,0,67800,67800,INR,0,0,false,true,1786279285,1786428780,setl_T0rkCClaifIUB3,YESBR2026081141567854,order_GW7hUNwOdqryzd,INV/2026-27/00123,upi,,,,,ishageorge67@example.in,9801759898
pay_wCQdHy1CwVWgHo,payment,0,34096,34900,INR,804,123,false,true,1786281479,1786428780,setl_T0rkCClaifIUB3,YESBR2026081141567854,order_jAvQwiRmNN2r01,INV/2026-27/00152,card,,,,,vikramdutta20@example.in,9253287046
pay_TLjx7ZvmD6TJQd,payment,0,115090,117800,INR,2710,413,false,true,1786283400,1786428780,setl_T0rkCClaifIUB3,YESBR2026081141567854,order_IeA8K0ucroYCsm,INV201,card,,,,,coastalstays70@example.in,9764672720
pay_F75PWYbgLKD7DS,payment,0,59800,59800,INR,0,0,false,true,1786291046,1786428780,setl_T0rkCClaifIUB3,YESBR2026081141567854,order_El4eCzFiGW0aQo,INV/2026-27/00198,upi,,,,,reyanshchand45@example.in,9041042346
pay_tOd4UYETIay2BV,payment,0,557700,557700,INR,0,0,false,true,1786294745,1786428780,setl_T0rkCClaifIUB3,YESBR2026081141567854,order_VPClogqoPchv5V,INV/2026-27/00112,upi,,,,,aakashpandey20@example.in,9223307924
rfnd_LYZhktGKKgJFAD,refund,279800,0,279800,INR,0,0,false,true,1786331763,1786428780,setl_T0rkCClaifIUB3,YESBR2026081141567854,,,,,pay_5kd1UsjObCZGvG,,,,
pay_22xQ5PlSobMD5U,payment,0,439255,449600,INR,10345,1578,false,true,1786334293,1786512720,setl_O6jQ3qThhZyfQo,YESBR2026081210486211,order_2csCi1mtVuLm8e,,card,"{""note"": ""pymt agnst invc no. 243""}",,,,varunansari38@example.in,9760926030
pay_2vRmQAd0a3oKwa,payment,0,781494,799900,INR,18406,2808,false,true,1786341011,1786512720,setl_O6jQ3qThhZyfQo,YESBR2026081210486211,order_YWqMc5c8uo2u04,,card,,,,,riyaghosh26@example.in,9276544446
pay_dok6NtXeOyIN29,payment,0,279900,279900,INR,0,0,false,true,1786354986,1786512720,setl_O6jQ3qThhZyfQo,YESBR2026081210486211,order_A6EZuRdVyoPDE0,INV/2026-27/00280,upi,,,,,sanabhat58@example.in,9450749528
rfnd_BNIPykxUxJiw65,refund,129900,0,129900,INR,0,0,false,true,1786358350,1786428780,setl_T0rkCClaifIUB3,YESBR2026081141567854,,,,"{""credit_note"": ""CN/2026-27/00013""}",pay_2OXtPAtLpByQxC,,,,
pay_wzysh8oa6RAWOX,payment,0,799900,799900,INR,0,0,false,true,1786362799,1786512720,setl_O6jQ3qThhZyfQo,YESBR2026081210486211,order_4KW6p06PZd4UkW,,upi,,,,,riyaghosh26@example.in,9276544446
pay_aVp62BSKLVPA2o,payment,0,893652,914700,INR,21048,3211,false,true,1786367801,1786512720,setl_O6jQ3qThhZyfQo,YESBR2026081210486211,order_44XPSL2oRlPhDB,INV/2026-27/00121,card,,,,,ganeshpandey42@example.in,9348395486
pay_7Py4siPT4TyN5r,payment,0,63406,64900,INR,1494,228,false,true,1786368889,1786512720,setl_O6jQ3qThhZyfQo,YESBR2026081210486211,order_MM0GrMn5otgxRK,,wallet,"{""note"": ""home order""}",,,,johnsubraman73@example.in,9514026140
pay_hTiB64fN3mKh6U,payment,0,39900,39900,INR,0,0,false,true,1786377130,1786512720,setl_O6jQ3qThhZyfQo,YESBR2026081210486211,order_xV1vZWVRa0qhpx,INV-00176,upi,,,,,karthikmenon91@example.in,9265020146
pay_Ep7vJdeGoEVnKN,payment,0,109800,109800,INR,0,0,false,true,1786379394,1786512720,setl_O6jQ3qThhZyfQo,YESBR2026081210486211,order_yhd8BHdpHkG3un,INV/2026-27/00241,upi,,,,,nehaqureshi40@example.in,9337761740
pay_n24VxcXX3ClB3i,payment,0,587158,599900,INR,12742,1944,false,true,1786380583,1786512720,setl_O6jQ3qThhZyfQo,YESBR2026081210486211,order_bZhj6ai6tjGVwg,INV/2026-27/00189,netbanking,,,,,aakashverma46@example.in,9026859952
rfnd_2VPVk0OYdsGcvd,refund,557700,0,557700,INR,0,0,false,true,1786421027,1786512720,setl_O6jQ3qThhZyfQo,YESBR2026081210486211,,,,,pay_tOd4UYETIay2BV,,,,
pay_95nf4Gakq5p1Vm,payment,0,496116,507800,INR,11684,1782,false,true,1786425478,1786601340,setl_jc3wf3tLu26VYJ,YESBR2026081388950439,order_um4yvMpy62O6SQ,,card,"{""note"": ""thanks""}",,,,karthikmenon91@example.in,9265020146
rfnd_yzSbeM1SBh1V5r,refund,37400,0,37400,INR,0,0,false,true,1786438435,1786512720,setl_O6jQ3qThhZyfQo,YESBR2026081210486211,,,,,pay_teeUeIaexejJhU,,,,
pay_XxjOozWf7bNihd,payment,0,36930,37800,INR,870,133,false,true,1786446133,1786601340,setl_jc3wf3tLu26VYJ,YESBR2026081388950439,order_JXlq8MxVj5l3V2,INV/2026-27/00186,card,,,,,coastalstays70@example.in,9764672720
pay_4bMOvQzG8j3d6Y,payment,0,919800,919800,INR,0,0,false,true,1786446189,1786601340,setl_jc3wf3tLu26VYJ,YESBR2026081388950439,order_FlSykSPaGZ7YSG,,upi,,,,,kiran.3712@example.net,9225078907
pay_olNV9ds0HqtO93,payment,0,74900,74900,INR,0,0,false,true,1786451382,1786601340,setl_jc3wf3tLu26VYJ,YESBR2026081388950439,order_5uUaVcojsNOBAG,INV/2026-27/00109,upi,,,,,urbanneststu43@example.in,9544091031
pay_1jsxl9OH257Rkg,payment,0,53636,54900,INR,1264,193,false,true,1786461413,1786601340,setl_jc3wf3tLu26VYJ,YESBR2026081388950439,order_tVNuylP0wuoxiJ,inv_00170,card,,,,,ayaanfernand56@example.in,9280841485
pay_vQu4YEGx5pZpwj,payment,0,717600,717600,INR,0,0,false,true,1786509780,1786688100,setl_C9PY81KImtHnEU,YESBR2026081455283600,order_43QDzCzKXt7kLe,00181,upi,,,,,ganeshkurian26@example.in,9001826330
pay_wcMRwC8aReHogA,payment,0,507800,507800,INR,0,0,false,true,1786521745,1786688100,setl_C9PY81KImtHnEU,YESBR2026081455283600,order_PJ7Kj4m9AFzCXN,,upi,"{""note"": ""order #155 - thanks""}",,,,riyareddy93@example.in,9347861221
pay_CLxIpzMGni3WhR,payment,0,229299,234700,INR,5401,824,false,true,1786530934,1786688100,setl_C9PY81KImtHnEU,YESBR2026081455283600,order_2rVXWybQTKjtay,00162,card,,,,,sanabhat58@example.in,9450749528
pay_abvjFGE3cZ1cel,payment,0,569194,582600,INR,13406,2045,false,true,1786537361,1786688100,setl_C9PY81KImtHnEU,YESBR2026081455283600,order_RMz1E9kS2Czo39,,wallet,"{""note"": ""thanks""}",,,,nehatiwari88@example.in,9319254499
pay_cfONvXFMzq8D3a,payment,0,1549700,1549700,INR,0,0,false,true,1786591760,1786772520,setl_ixwGJLoNrQGiGb,YESBR2026081566207816,order_KPudANTU1vkfbj,INV/2026-27/00184,upi,,,,,riyaghosh26@example.in,9276544446
pay_8h4ZEAAMtDjvIn,payment,0,683698,699800,INR,16102,2456,false,true,1786593145,1786772520,setl_ixwGJLoNrQGiGb,YESBR2026081566207816,order_2DNcsvfrlS4CAQ,INV/2026-27/00213,card,,,,,nikhilsubram76@example.in,9477718341
pay_QhW1pQhRs7gmRL,payment,0,683698,699800,INR,16102,2456,false,true,1786593844,1786772520,setl_ixwGJLoNrQGiGb,YESBR2026081566207816,order_2DNcsvfrlS4CAQ,INV/2026-27/00213,card,,,,,nikhilsubram76@example.in,9477718341
pay_bHZIibp9foNlkg,payment,0,224800,224800,INR,0,0,false,true,1786603595,1786772520,setl_ixwGJLoNrQGiGb,YESBR2026081566207816,order_09bbg7SVmqb1MO,,upi,"{""note"": ""thanks""}",,,,urbanneststu43@example.in,9544091031
pay_RelOxOPbbNcRV7,payment,0,1738749,1779700,INR,40951,6247,false,true,1786609266,1786772520,setl_ixwGJLoNrQGiGb,YESBR2026081566207816,order_GEFW5jcnTAOivg,INV/2026-27/00128,wallet,,,,,meerarathore21@example.in,9269060443
pay_DWFfVTvVKqgPF9,payment,0,479800,479800,INR,0,0,false,true,1786611672,1786772520,setl_ixwGJLoNrQGiGb,YESBR2026081566207816,order_YIuaw6fPsON7UP,INV/2026-27/00169,upi,,,,,kabirbanerje24@example.in,9240234483
pay_5sinvRe7AeGa2K,payment,0,80894,82800,INR,1906,291,false,true,1786625136,1786772520,setl_ixwGJLoNrQGiGb,YESBR2026081566207816,order_BznKUrY2RY21ij,INV221,card,,,,,ishaanbose35@example.in,9478878384
pay_BEDbN2AHRQ73l5,payment,0,644600,644600,INR,0,0,false,true,1786625449,1786772520,setl_ixwGJLoNrQGiGb,YESBR2026081566207816,order_ay1F6gcqInkTY8,INV-00122,upi,,,,,umajoshi39@example.in,9734419792
pay_nIAz9i5VoxVTxy,payment,0,986467,1009700,INR,23233,3544,false,true,1786626109,1786772520,setl_ixwGJLoNrQGiGb,YESBR2026081566207816,order_xioOn4rhcGi4zN,,wallet,,,,,ishaagarwal28@example.in,9791805888
pay_ZdURvMQtKKA8xE,payment,0,579700,579700,INR,0,0,false,true,1786626668,1786772520,setl_ixwGJLoNrQGiGb,YESBR2026081566207816,order_t3vH4Ob2moRVCS,,upi,"{""note"": ""home order""}",,,,ishageorge67@example.in,9801759898
pay_daKwtgHwIoALtL,payment,0,899900,899900,INR,0,0,false,true,1786682603,1786945380,setl_BQMlcIsrhXOTCX,YESBR2026081760331402,order_N1Ekia7ZpTjCge,INV/2026-27/00110,upi,,,,,karthikmenon91@example.in,9265020146
pay_DEJJTyiqpJhr9A,payment,0,29900,29900,INR,0,0,false,true,1786685288,1786945380,setl_BQMlcIsrhXOTCX,YESBR2026081760331402,order_HiLu4WdkoBkfL0,INV/2026-27/00245,upi,,,,,aakashverma46@example.in,9026859952
pay_d0ssw0FzvGr3Gw,payment,0,294700,294700,INR,0,0,false,true,1786687891,1786945380,setl_BQMlcIsrhXOTCX,YESBR2026081760331402,order_YhvmuTtiLOfYcz,INV/2026-27/00129,upi,,,,,ganeshkurian26@example.in,9001826330
pay_8BC7vSGVS11OOC,payment,0,519800,519800,INR,0,0,false,true,1786703623,1786945380,setl_BQMlcIsrhXOTCX,YESBR2026081760331402,order_SnBRG27XiFWmc8,INV/2026-27/00166,upi,,,,,sharmatrader90@example.in,9636060710
pay_a6tz1gLaQbmlFX,payment,0,507742,519700,INR,11958,1824,false,true,1786705577,1786945380,setl_BQMlcIsrhXOTCX,YESBR2026081760331402,order_3P5IGjKmAMhjkH,INV/2026-27/00157,card,,,,,bhavnabanerj40@example.in,9633875004
pay_60Tz5d8nFBFUkt,payment,0,43947,44900,INR,953,145,false,true,1786709260,1786945380,setl_BQMlcIsrhXOTCX,YESBR2026081760331402,order_fjSokiCOzfc2CE,INV/2026-27/00171,netbanking,,,,,tarasaxena35@example.in,9048137343
pay_Ei3QrplK1xckSx,payment,0,879193,899900,INR,20707,3159,false,true,1786709334,1786945380,setl_BQMlcIsrhXOTCX,YESBR2026081760331402,order_awH7C9HehwTp01,INV/2026-27/00145,wallet,,,,,reyanshchand45@example.in,9041042346
pay_x130BhAjSqygxw,payment,0,864700,864700,INR,0,0,false,true,1786713693,1786945380,setl_BQMlcIsrhXOTCX,YESBR2026081760331402,order_HtCQfrzsCShCOE,inv_00195,upi,,,,,simrandutta77@example.in,9936439008
pay_MR1A1ZTh7tkPl9,payment,0,149900,149900,INR,0,0,false,true,1786716647,1786945380,setl_BQMlcIsrhXOTCX,YESBR2026081760331402,order_ShXzz18YV1vzzF,,upi,"{""note"": ""home order""}",,,,greenleafcaf42@example.in,9319554590
rfnd_w5TLI0laKml51o,refund,1549700,0,1549700,INR,0,0,false,true,1786725437,1786772520,setl_ixwGJLoNrQGiGb,YESBR2026081566207816,,,,"{""credit_note"": ""CN/2026-27/00011""}",pay_cfONvXFMzq8D3a,,,,
pay_QjEXAJgfPEn5jO,payment,0,33999,34800,INR,801,122,false,true,1786762620,1786945380,setl_BQMlcIsrhXOTCX,YESBR2026081760331402,order_aRQh92fn3hiEbr,INV/2026-27/00132,wallet,,,,,naveenkrishn67@example.in,9800837407
pay_6ORT6CWeKUUd3E,payment,0,68292,69900,INR,1608,245,false,true,1786769741,1786945380,setl_BQMlcIsrhXOTCX,YESBR2026081760331402,order_R3TpTPES4EMjh6,INV/2026-27/00229,card,,,,,aditikhan88@example.in,9013962459
pay_ownuWBPrt4FnKY,payment,0,304700,304700,INR,0,0,false,true,1786770055,1786945380,setl_BQMlcIsrhXOTCX,YESBR2026081760331402,order_73Xr9Wi0tsfvaF,INV/2026-27/00188,upi,,,,,nikhilsubram76@example.in,9477718341
pay_G28VFRnN5nm1Em,payment,0,414600,414600,INR,0,0,false,true,1786778429,1786945380,setl_BQMlcIsrhXOTCX,YESBR2026081760331402,order_ro9WucAlvAQTbK,INV/2026-27/00244,upi,,,,,riyaghosh26@example.in,9276544446
pay_ZIQo7NWqq61E2U,payment,0,617600,617600,INR,0,0,false,true,1786781017,1786945380,setl_BQMlcIsrhXOTCX,YESBR2026081760331402,order_EKoje7WHxHnHk0,00194,upi,,,,,reyanshpatel75@example.in,9535606883
pay_5Eq3adgQy1xpsb,payment,0,99900,99900,INR,0,0,false,true,1786787911,1786945380,setl_BQMlcIsrhXOTCX,YESBR2026081760331402,order_hhDJTFfzhFE7l6,00240,upi,,,,,riyaghosh26@example.in,9276544446
pay_14RhJyCtWG5jUM,payment,0,1844700,1844700,INR,0,0,false,true,1786802342,1786945380,setl_BQMlcIsrhXOTCX,YESBR2026081760331402,order_8uEia875rjmL6K,inv_00216,upi,,,,,ishageorge67@example.in,9801759898
pay_LaQan8ePsqMgLj,payment,0,219900,219900,INR,0,0,false,true,1786808651,1786945380,setl_BQMlcIsrhXOTCX,YESBR2026081760331402,order_XCwYjn5zYIkN5S,INV/2026-27/00126,upi,,,,,siddharthban92@example.in,9424861114
pay_0vaXXXp4vYfIkg,payment,0,249900,249900,INR,0,0,false,true,1786850574,1787031060,setl_HEpT73GIyIssz1,YESBR2026081814273705,order_uBOvxeIh9DknHd,INV/2026-27/00235,upi,,,,,riyareddy93@example.in,9347861221
pay_GhHw1F96ewn294,payment,0,124859,127800,INR,2941,449,false,true,1786860964,1787031060,setl_HEpT73GIyIssz1,YESBR2026081814273705,order_rTlaqre9cmGdAY,INV/2026-27/00191,card,,,,,abhishekgupt98@example.in,9890786666
pay_nopMXYGT0d0peM,payment,0,246885,252700,INR,5815,887,false,true,1786865762,1787031060,setl_HEpT73GIyIssz1,YESBR2026081814273705,order_nNXSl0tvfZWDL6,,card,,,,,poojageorge90@example.in,9841537760
pay_rTyRqBRlEaZUZr,payment,0,73212,74800,INR,1588,242,false,true,1786866341,1787031060,setl_HEpT73GIyIssz1,YESBR2026081814273705,order_tuEFBNOfQ5xj7t,INV/2026-27/00125,netbanking,,,,,meerarathore21@example.in,9269060443
pay_tZE9ytOO45KEu5,payment,0,68292,69900,INR,1608,245,false,true,1786868213,1787031060,setl_HEpT73GIyIssz1,YESBR2026081814273705,order_tV3wK6gML15HeE,,card,"{""note"": ""Kiran from Brightpath, office order""}",,,,arjun.1418@example.net,9351917037
pay_85U5yEo9lMZsWD,payment,0,180450,184700,INR,4250,648,false,true,1786871712,1787031060,setl_HEpT73GIyIssz1,YESBR2026081814273705,order_UYiVm69Fg30GvZ,,wallet,"{""note"": ""for invoices 256 & 257""}",,,,ganeshkurian26@example.in,9001826330
rfnd_7CpRjltBu76gTG,refund,304700,0,304700,INR,0,0,false,true,1786872550,1786945380,setl_BQMlcIsrhXOTCX,YESBR2026081760331402,,,,,pay_ownuWBPrt4FnKY,,,,
pay_gW4TgljZHkNGug,payment,0,77964,79800,INR,1836,280,false,true,1786879256,1787031060,setl_HEpT73GIyIssz1,YESBR2026081814273705,order_y64ae2bJP0fGJN,INV/2026-27/00231,card,,,,,umajoshi39@example.in,9734419792
pay_IwwTWBulZESbRR,payment,0,807800,807800,INR,0,0,false,true,1786891225,1787031060,setl_HEpT73GIyIssz1,YESBR2026081814273705,order_xh9OXs1JPnOpTL,INV/2026-27/00249,upi,,,,,aditiagarwal53@example.in,9901092815
pay_G8GHBXKSZPWrDP,payment,0,485350,485350,INR,0,0,false,true,1786895425,1787031060,setl_HEpT73GIyIssz1,YESBR2026081814273705,order_R8SE9hcV1jZRsd,INV/2026-27/00278,upi,,,,,poojamukherj20@example.in,9751074314
pay_sQtA9dtVK4wAAb,payment,0,129800,129800,INR,0,0,false,true,1786897191,1787031060,setl_HEpT73GIyIssz1,YESBR2026081814273705,order_xPmzUzn8aB5kBh,INV/2026-27/00102,upi,,,,,rameshkamath30@example.in,9077642656
pay_cxvjcnqcMUP6n0,payment,0,29900,29900,INR,0,0,false,true,1786936940,1787119620,setl_0qEuURnUC3wTtD,YESBR2026081958246117,order_ARxlNtencYFJEe,inv-101,upi,,,,,greenleafcaf42@example.in,9319554590
pay_vGUlFIWGaQ3jM9,payment,0,149800,149800,INR,0,0,false,true,1786958615,1787119620,setl_0qEuURnUC3wTtD,YESBR2026081958246117,order_5Yklb6PJ4Wh3Kx,,upi,"{""note"": ""Venky - curtains""}",,,,ajay.1946@example.net,9356261635
pay_vZjpTifmrI1YiJ,payment,0,131698,134800,INR,3102,473,false,true,1786960793,1787119620,setl_0qEuURnUC3wTtD,YESBR2026081958246117,order_YZpkxwnUzyO9Ln,INV/2026-27/00161,card,,,,,kabirsaxena94@example.in,9786843353
pay_Biam7Lng1ODpWq,payment,0,439200,439200,INR,0,0,false,true,1786964253,1787119620,setl_0qEuURnUC3wTtD,YESBR2026081958246117,order_IvUdboUboGsnOT,INV/2026-27/00252,upi,"{""note"": ""part payment 1 of 2""}",,,,vivaanpai63@example.in,9183654610
pay_Kyl3S9qPpAx9Hq,payment,0,396104,404700,INR,8596,1311,false,true,1786972924,1787119620,setl_0qEuURnUC3wTtD,YESBR2026081958246117,order_SVdNREnRuZ6aCE,INV/2026-27/00247,netbanking,,,,,vivaandas57@example.in,9572101415
pay_TAgdB60g9b5ses,payment,0,117141,119900,INR,2759,421,false,true,1786977715,1787119620,setl_0qEuURnUC3wTtD,YESBR2026081958246117,order_iAeHy2tZQPTGLh,,wallet,"{""note"": ""thanks""}",,,,nehafernande18@example.in,9881817414
pay_V0oOVVPcpg6mZa,payment,0,175663,179800,INR,4137,631,false,true,1787021943,1787206380,setl_fWxUPn0oYBPVRq,YESBR2026082095259961,order_zp879oXRc7JOK6,INV/2026-27/00230,card,,,,,nishayadav36@example.in,9191284529
pay_Rkj9Zhx9PkOZAE,payment,0,219900,219900,INR,0,0,false,true,1787044790,1787206380,setl_fWxUPn0oYBPVRq,YESBR2026082095259961,order_C8rYWKvsrdNPTZ,,upi,"{""note"": ""home order""}",,,,greenleafcaf42@example.in,9319554590
pay_JluXbunDh9sDOx,payment,0,349900,349900,INR,0,0,false,true,1787055583,1787206380,setl_fWxUPn0oYBPVRq,YESBR2026082095259961,order_SxE87OmI93QQlx,INV/2026-27/00282,upi,,,,,ayeshashah31@example.in,9538885393
pay_x6cTCyxcTWsABP,payment,0,73078,74800,INR,1722,263,false,true,1787055676,1787206380,setl_fWxUPn0oYBPVRq,YESBR2026082095259961,order_wpy2Li7Nm2TLxe,,card,"{""note"": ""thanks""}",,,,sharmatrader90@example.in,9636060710
pay_ZCGGQccOif7UuX,payment,0,49900,49900,INR,0,0,false,true,1787061725,1787206380,setl_fWxUPn0oYBPVRq,YESBR2026082095259961,order_dWG5yP8Yib2eNU,INV/2026-27/00106,upi,,,,,adityapillai28@example.in,9154728038
pay_Nm5lntQ5qikdoD,payment,0,342532,350600,INR,8068,1231,false,true,1787064712,1787206380,setl_fWxUPn0oYBPVRq,YESBR2026082095259961,order_TTR9SYZtzuHUtd,INV/2026-27/00252,card,"{""note"": ""part 2 of 2""}",,,,vivaanpai63@example.in,9183654610
pay_Jp4FK67R4TdzQY,payment,0,258609,264700,INR,6091,929,false,true,1787131240,1787292360,setl_xSbrJdvxAcB9MH,YESBR2026082199953289,order_RX8v0yz8foPR1Y,INV/2026-27/00212,card,,,,,bhavnarathor70@example.in,9439575513
pay_JuZMhc76RpqwmS,payment,0,899900,899900,INR,0,0,false,true,1787131913,1787292360,setl_xSbrJdvxAcB9MH,YESBR2026082199953289,order_LChYbFheZqljJ7,,upi,"{""note"": ""pymt agnst invc no. 177""}",,,,rameshsen50@example.in,9150556130
pay_JLhFz9KjA2Yr3N,payment,0,1034600,1034600,INR,0,0,false,true,1787139444,1787292360,setl_xSbrJdvxAcB9MH,YESBR2026082199953289,order_2CSDsUwswzHJMy,,upi,,,,,rameshkamath30@example.in,9077642656
pay_hJuz4k6i5EEF7r,payment,0,299900,299900,INR,0,0,false,true,1787140386,1787292360,setl_xSbrJdvxAcB9MH,YESBR2026082199953289,order_JFWLvkv4gxy9hi,INV/2026-27/00281,upi,,,,,kavithatiwar68@example.in,9224704558
pay_JGT1W8hO9UGgD1,payment,0,494079,504800,INR,10721,1635,false,true,1787144134,1787292360,setl_xSbrJdvxAcB9MH,YESBR2026082199953289,order_k99mKEXfixXNdz,,netbanking,"{""note"": ""payment against bill 0175""}",,,,divyakurian71@example.in,9511637265
pay_0DNBZZdPaRXLuj,payment,0,59900,59900,INR,0,0,false,true,1787147122,1787292360,setl_xSbrJdvxAcB9MH,YESBR2026082199953289,order_rkcrOg258LewmC,INV/2026-27/00158,upi,,,,,aditikhan88@example.in,9013962459
pay_AJAPfZ8ROyF9Tx,payment,0,249800,249800,INR,0,0,false,true,1787149637,1787292360,setl_xSbrJdvxAcB9MH,YESBR2026082199953289,order_uk1KF0dYIw5imH,INV/2026-27/00217,upi,,,,,aditikurian56@example.in,9711777741
pay_tYnzNLeK6kjcbh,payment,0,68096,69700,INR,1604,245,false,true,1787198999,1787378940,setl_39tZYovvEgUYVV,YESBR2026082234967253,order_kwjSbbciSPOcSe,,card,,,,,sanabhat58@example.in,9450749528
pay_JvSA3VTrzBuIAy,payment,0,29900,29900,INR,0,0,false,true,1787201688,1787378940,setl_39tZYovvEgUYVV,YESBR2026082234967253,order_y4AZj5OapMG7qS,INV192,upi,,,,,kabirrao12@example.in,9883873716
pay_06EMXQdYG6INyN,payment,0,444800,444800,INR,0,0,false,true,1787202643,1787378940,setl_39tZYovvEgUYVV,YESBR2026082234967253,order_SSM4RfncQODOWl,INV/2026-27/00130,upi,,,,,adityapillai28@example.in,9154728038
pay_yrv9jxkow40N45,payment,0,107566,109900,INR,2334,356,false,true,1787215771,1787378940,setl_39tZYovvEgUYVV,YESBR2026082234967253,order_u94GYMm219kzHa,INV/2026-27/00214,netbanking,,,,,simrandutta77@example.in,9936439008
pay_rBxe9OrUfLhzyG,payment,0,34159,34900,INR,741,113,false,true,1787226974,1787378940,setl_39tZYovvEgUYVV,YESBR2026082234967253,order_Q34dZx9IvQqePE,inv_00224,netbanking,,,,,jayasubraman65@example.in,9865635515
pay_dkwwAfmOtiiRTF,payment,0,79900,79900,INR,0,0,false,true,1787230815,1787378940,setl_39tZYovvEgUYVV,YESBR2026082234967253,order_TpaGSCi7PwSti4,INV/2026-27/00167,upi,,,,,umajoshi39@example.in,9734419792
pay_fquKoPf96QGzlC,payment,0,1619459,1657600,INR,38141,5818,false,true,1787240423,1787378940,setl_39tZYovvEgUYVV,YESBR2026082234967253,order_9pUolc8q8wd5J5,inv_00139,card,,,,,riyasen36@example.in,9878375762
pay_ni6pU3IGp4gag8,payment,0,149900,149900,INR,0,0,false,true,1787281310,1787550240,setl_Fgxmr5FcTi5v2A,YESBR2026082468955292,order_YSKnSVofWkj1qb,,upi,"{""note"": ""thanks""}",,,,riyareddy93@example.in,9347861221
adj_GzkoQnBqQDfp5D,adjustment,249800,0,249800,INR,0,0,false,true,1787282054,1787378940,setl_39tZYovvEgUYVV,YESBR2026082234967253,,,,,pay_AJAPfZ8ROyF9Tx,disp_QzgmAfIRsxvprQ,Dispute debit - chargeback,,
pay_alIrHqfuyqQ2tJ,payment,0,119800,119800,INR,0,0,false,true,1787302976,1787550240,setl_Fgxmr5FcTi5v2A,YESBR2026082468955292,order_ARdttp3yZB2Iqt,INV/2026-27/00200,upi,,,,,naveenchauha12@example.in,9931002516
pay_5bwJIY7uO8Ehvq,payment,0,74700,74700,INR,0,0,false,true,1787303378,1787550240,setl_Fgxmr5FcTi5v2A,YESBR2026082468955292,order_KY2qbxZyexZ6OI,,upi,"{""note"": ""Anu (Ananya C.) birthday gift""}",,,,kiran.5680@example.net,9120957774
pay_FZymYWU7otMdRz,payment,0,899900,899900,INR,0,0,false,true,1787307313,1787550240,setl_Fgxmr5FcTi5v2A,YESBR2026082468955292,order_7qLWaYyDIfIZwX,INV/2026-27/00136,upi,,,,,aakashpandey20@example.in,9223307924
pay_flkwyla4szJxhv,payment,0,591856,604700,INR,12844,1959,false,true,1787311524,1787550240,setl_Fgxmr5FcTi5v2A,YESBR2026082468955292,order_vzPe9hB06wJpym,INV/2026-27/00160,netbanking,,,,,nikhilpai27@example.in,9070741374
pay_tGlhP5sSv07G4A,payment,0,434700,434700,INR,0,0,false,true,1787316033,1787550240,setl_Fgxmr5FcTi5v2A,YESBR2026082468955292,order_s0GnG5mAldOKMg,INV/2026-27/00156,upi,,,,,ganeshkurian26@example.in,9001826330
pay_fsOJTFDQ74q69d,payment,0,131698,134800,INR,3102,473,false,true,1787319120,1787550240,setl_Fgxmr5FcTi5v2A,YESBR2026082468955292,order_da4PR0NfyttUMk,INV-00133,card,,,,,vivaandas57@example.in,9572101415
pay_zksWmeV5HbCXmY,payment,0,1399800,1399800,INR,0,0,false,true,1787321832,1787550240,setl_Fgxmr5FcTi5v2A,YESBR2026082468955292,order_XqmJWS1sVY8b6V,INV/2026-27/00225,upi,,,,,naveenchauha12@example.in,9931002516
pay_lcrhDFLGWrhhhz,payment,0,729800,729800,INR,0,0,false,true,1787330314,1787550240,setl_Fgxmr5FcTi5v2A,YESBR2026082468955292,order_Lo3ojQKDVzk80b,INV/2026-27/00147,upi,,,,,meerarathore21@example.in,9269060443
pay_CQ4hJhqAo0iEFJ,payment,0,1165017,1199700,INR,34683,5291,false,true,1787367629,1787550240,setl_Fgxmr5FcTi5v2A,YESBR2026082468955292,order_5jSFpFkIM3Vak1,INV/2026-27/00127,card,,,,,sharmatrader90@example.in,9636060710
pay_cCdNppock7L2lu,payment,0,43866,44900,INR,1034,158,false,true,1787369275,1787550240,setl_Fgxmr5FcTi5v2A,YESBR2026082468955292,order_0DtAMq94F8epRy,,card,"{""note"": ""home order""}",,,,ganeshsen26@example.in,9057986828
pay_PUVOIqJwOkKOuw,payment,0,273955,279900,INR,5945,907,false,true,1787380562,1787550240,setl_Fgxmr5FcTi5v2A,YESBR2026082468955292,order_VlSwA5bZTDXgvg,INV/2026-27/00226,netbanking,,,,,tanvimenon13@example.in,9640037614
pay_pyyRyMX5oZCsSa,payment,0,110106,112700,INR,2594,396,false,true,1787384777,1787550240,setl_Fgxmr5FcTi5v2A,YESBR2026082468955292,order_BkL60W4Ycs1jZ4,,wallet,"{""note"": ""order #135 - thanks""}",,,,reyanshchand45@example.in,9041042346
pay_IEQJ2QAWerzxT6,payment,0,529800,529800,INR,0,0,false,true,1787389431,1787550240,setl_Fgxmr5FcTi5v2A,YESBR2026082468955292,order_s2OhqCXacI0SKt,INV/2026-27/00219,upi,,,,,naveenkrishn67@example.in,9800837407
pay_c6TdzSJuRPCJQu,payment,0,97601,99900,INR,2299,351,false,true,1787393160,1787550240,setl_Fgxmr5FcTi5v2A,YESBR2026082468955292,order_EVP2EGvLIyp0OY,INV/2026-27/00193,card,,,,,urbanneststu43@example.in,9544091031
pay_5JtNEE0tbpvomG,payment,0,469800,469800,INR,0,0,false,true,1787396077,1787550240,setl_Fgxmr5FcTi5v2A,YESBR2026082468955292,order_za7wk38puJuFrs,INV/2026-27/00151,upi,,,,,ishaanmishra95@example.in,9361341252
pay_jl7O4pDbmuhYGT,payment,0,133900,133900,INR,0,0,false,true,1787397923,1787550240,setl_Fgxmr5FcTi5v2A,YESBR2026082468955292,order_RTEHtXegQeNyBE,INV/2026-27/00253,upi,"{""note"": ""part payment 1 of 2""}",,,,johnhegde12@example.in,9587706589
pay_fF71WcjBWfKA6s,payment,0,813104,830750,INR,17646,2692,false,true,1787400147,1787550240,setl_Fgxmr5FcTi5v2A,YESBR2026082468955292,order_T7afLXigyr4hM3,INV/2026-27/00277,netbanking,,,,,johnsharma84@example.in,9558495298
rfnd_Gp7cM7lmeqfXvW,refund,604700,0,604700,INR,0,0,false,true,1787402127,1787550240,setl_Fgxmr5FcTi5v2A,YESBR2026082468955292,,,,"{""credit_note"": ""CN/2026-27/00016""}",pay_flkwyla4szJxhv,,,,
pay_QaJVnbl1GZ1Dnh,payment,0,102700,102700,INR,0,0,false,true,1787407907,1787550240,setl_Fgxmr5FcTi5v2A,YESBR2026082468955292,order_nQBhNfIHwRgfUp,INV/2026-27/00232,upi,,,,,nishayadav36@example.in,9191284529
pay_iLNcnk0xUDvKDy,payment,0,299900,299900,INR,0,0,false,true,1787417540,1787550240,setl_Fgxmr5FcTi5v2A,YESBR2026082468955292,order_avLEvobpD4McOj,INV/2026-27/00179,upi,,,,,ishageorge67@example.in,9801759898
pay_54cnDME4TfUsv1,payment,0,168641,172300,INR,3659,558,false,true,1787418491,1787550240,setl_Fgxmr5FcTi5v2A,YESBR2026082468955292,order_9iP0WhPl1Gqvkk,INV/2026-27/00279,netbanking,,,,,lathasubrama26@example.in,9563480770
pay_5wMPLCM7HUFpk5,payment,0,690439,709700,INR,19261,2938,false,true,1787452323,1787636880,setl_sAjujPlTkwrd7R,YESBR2026082542934023,order_Ibzlpkd6XgaNJQ,INV/2026-27/00111,netbanking,,,,,aakashpandey20@example.in,9223307924
pay_F476fmFr3tMLIW,payment,0,229299,234700,INR,5401,824,false,true,1787456528,1787636880,setl_sAjujPlTkwrd7R,YESBR2026082542934023,order_ErX5W25oL7tcLM,INV/2026-27/00205,card,,,,,rameshsen50@example.in,9150556130
pay_1vTB1KZ6u0z2Jd,payment,0,889700,889700,INR,0,0,false,true,1787472189,1787636880,setl_sAjujPlTkwrd7R,YESBR2026082542934023,order_9R7wp3BQOaxgHl,00148,upi,,,,,ganeshsen26@example.in,9057986828
pay_nsW64aTqBTh8lN,payment,0,574177,587700,INR,13523,2063,false,true,1787479783,1787636880,setl_sAjujPlTkwrd7R,YESBR2026082542934023,order_kS8VsWzpvq9bfS,inv_00236,card,,,,,nikhilsubram76@example.in,9477718341
pay_ZQGoCu2E8TAXTx,payment,0,235900,235900,INR,0,0,false,true,1787482729,1787636880,setl_sAjujPlTkwrd7R,YESBR2026082542934023,order_7U7uNdgXDfO7ri,INV/2026-27/00253,upi,"{""note"": ""part 2 of 2""}",,,,johnhegde12@example.in,9587706589
pay_54VfB4PbxntqB5,payment,0,273362,279800,INR,6438,982,false,true,1787482930,1787636880,setl_sAjujPlTkwrd7R,YESBR2026082542934023,order_y4Oo8DiIMWSWMP,INV/2026-27/00118,wallet,,,,,imranchandra29@example.in,9880729022
pay_tZjBKyLof06vu1,payment,0,904800,904800,INR,0,0,false,true,1787487795,1787636880,setl_sAjujPlTkwrd7R,YESBR2026082542934023,order_9unB569abdqK5F,INV/2026-27/00154,upi,,,,,varunmishra86@example.in,9260026751
pay_wLkZ9FRXVFiq1S,payment,0,43866,44900,INR,1034,158,false,true,1787503797,1787636880,setl_sAjujPlTkwrd7R,YESBR2026082542934023,order_dVD1YZRLkBy0OY,,card,"{""invoice_no"": ""INV/2026-27/00211""}",,,,johnshetty33@example.in,9426462889
adj_CGzMqbzylyYaVx,adjustment,0,4294301,4294301,INR,0,0,false,true,1787628600,1787636880,setl_sAjujPlTkwrd7R,YESBR2026082542934023,,,,,,,Reserve release,,
